<?xml version="1.0" encoding="UTF-8"?>
<xml>
<records>

<record>
    <database name="EndNote Library" path="C:\MyLibrary.enl">EndNote Library</database>
    <source-app name="EndNote">EndNote</source-app>
    <rec-number>1</rec-number>
    <ref-type name="Report">27</ref-type>
    <contributors>
        <authors>
            <author>国家卫生健康委员会</author>
        </authors>
    </contributors>
    <titles>
        <title>2022年我国卫生健康事业发展统计公报</title>
    </titles>
    <publisher>国家卫生健康委员会</publisher>
    <pub-location>北京</pub-location>
    <year>2023</year>
    <urls>
        <related-urls>
            <url>http://www.nhc.gov.cn/</url>
        </related-urls>
    </urls>
</record>

<record>
    <database name="EndNote Library" path="C:\MyLibrary.enl">EndNote Library</database>
    <source-app name="EndNote">EndNote</source-app>
    <rec-number>2</rec-number>
    <ref-type name="Book">6</ref-type>
    <contributors>
        <authors>
            <author>周志华</author>
        </authors>
    </contributors>
    <titles>
        <title>机器学习</title>
    </titles>
    <pages>371-380</pages>
    <publisher>清华大学出版社</publisher>
    <pub-location>北京</pub-location>
    <year>2016</year>
</record>

<record>
    <database name="EndNote Library" path="C:\MyLibrary.enl">EndNote Library</database>
    <source-app name="EndNote">EndNote</source-app>
    <rec-number>3</rec-number>
    <ref-type name="Report">27</ref-type>
    <contributors>
        <authors>
            <author>中国保险行业协会</author>
        </authors>
    </contributors>
    <titles>
        <title>中国商业健康保险发展报告</title>
    </titles>
    <publisher>中国财政经济出版社</publisher>
    <pub-location>北京</pub-location>
    <year>2020</year>
</record>

<record>
    <database name="EndNote Library" path="C:\MyLibrary.enl">EndNote Library</database>
    <source-app name="EndNote">EndNote</source-app>
    <rec-number>4</rec-number>
    <ref-type name="Conference Proceedings">10</ref-type>
    <contributors>
        <authors>
            <author>Vaswani, Ashish</author>
            <author>Shazeer, Noam</author>
            <author>Parmar, Niki</author>
            <author>Uszkoreit, Jakob</author>
            <author>Jones, Llion</author>
            <author>Gomez, Aidan N</author>
            <author>Kaiser, Łukasz</author>
            <author>Polosukhin, Illia</author>
        </authors>
    </contributors>
    <titles>
        <title>Attention Is All You Need</title>
        <secondary-title>Advances in Neural Information Processing Systems (NeurIPS)</secondary-title>
    </titles>
    <pages>5998-6008</pages>
    <volume>30</volume>
    <year>2017</year>
</record>

<record>
    <database name="EndNote Library" path="C:\MyLibrary.enl">EndNote Library</database>
    <source-app name="EndNote">EndNote</source-app>
    <rec-number>5</rec-number>
    <ref-type name="Journal Article">17</ref-type>
    <contributors>
        <authors>
            <author>Huang, Xin</author>
            <author>Khetan, Ashish</author>
            <author>Cvitkovic, Milan</author>
            <author>Karnin, Zohar</author>
        </authors>
    </contributors>
    <titles>
        <title>TabTransformer: Tabular Data Modeling Using Contextual Embeddings</title>
        <secondary-title>arXiv preprint arXiv:2012.06678</secondary-title>
    </titles>
    <year>2020</year>
    <urls>
        <related-urls>
            <url>https://arxiv.org/abs/2012.06678</url>
        </related-urls>
    </urls>
</record>

<record>
    <database name="EndNote Library" path="C:\MyLibrary.enl">EndNote Library</database>
    <source-app name="EndNote">EndNote</source-app>
    <rec-number>6</rec-number>
    <ref-type name="Journal Article">17</ref-type>
    <contributors>
        <authors>
            <author>Pedregosa, Fabian</author>
            <author>Varoquaux, Gaël</author>
            <author>Gramfort, Alexandre</author>
            <author>Michel, Vincent</author>
            <author>Thirion, Bertrand</author>
            <author>Grisel, Olivier</author>
            <author>Blondel, Mathieu</author>
            <author>Prettenhofer, Peter</author>
            <author>Weiss, Ron</author>
            <author>Dubourg, Vincent</author>
        </authors>
    </contributors>
    <titles>
        <title>Scikit-learn: Machine Learning in Python</title>
        <secondary-title>Journal of Machine Learning Research</secondary-title>
    </titles>
    <pages>2825-2830</pages>
    <volume>12</volume>
    <year>2011</year>
</record>

<record>
    <database name="EndNote Library" path="C:\MyLibrary.enl">EndNote Library</database>
    <source-app name="EndNote">EndNote</source-app>
    <rec-number>7</rec-number>
    <ref-type name="Journal Article">17</ref-type>
    <contributors>
        <authors>
            <author>Fawcett, Tom</author>
        </authors>
    </contributors>
    <titles>
        <title>An Introduction to ROC Analysis</title>
        <secondary-title>Pattern Recognition Letters</secondary-title>
    </titles>
    <pages>861-874</pages>
    <volume>27</volume>
    <number>8</number>
    <year>2006</year>
</record>

<record>
    <database name="EndNote Library" path="C:\MyLibrary.enl">EndNote Library</database>
    <source-app name="EndNote">EndNote</source-app>
    <rec-number>8</rec-number>
    <ref-type name="Report">27</ref-type>
    <contributors>
        <authors>
            <author>World Health Organization</author>
        </authors>
    </contributors>
    <titles>
        <title>Global Report on Diabetes</title>
    </titles>
    <publisher>WHO Press</publisher>
    <pub-location>Geneva</pub-location>
    <year>2016</year>
</record>

</records>
</xml>
